
<div class='cssLO AllStoryIndex_wrapper_layout'>
	<div class='wrapper cssLI AllStoryIndex_wrapper_design'>
		<div class='cssLO AllStoryIndex_row_1_layout'>
			<div class='row_1 cssLI AllStoryIndex_row_1_design'>
				<div class='cssLO AllStoryIndex_column_1_layout'>
					<div class='column_1 cssLI AllStoryIndex_column_1_design'><!-- column_1 Content Starts Here -->CSSLayouts_PLACEHOLDER_column_1<!-- column_1 Content Ends Here -->
					</div>
				</div>
				<div class='cssLO AllStoryIndex_column_2_layout'>
					<div class='column_2 cssLI AllStoryIndex_column_2_design'>
						<div class='cssLO AllStoryIndex_row_3_layout'>
							<div class='row_3 cssLI AllStoryIndex_row_3_design'><!-- row_3 Content Starts Here -->CSSLayouts_PLACEHOLDER_row_3<!-- row_3 Content Ends Here -->
							</div>
						</div>
						<div class='cssLO AllStoryIndex_row_4_layout'>
							<div class='row_4 cssLI AllStoryIndex_row_4_design'>
								<div class='cssLO AllStoryIndex_column_3_layout'>
									<div class='column_3 cssLI AllStoryIndex_column_3_design'>
										<div class='cssLO AllStoryIndex_column_5_layout'>
											<div class='column_5 cssLI AllStoryIndex_column_5_design'><!-- column_5 Content Starts Here -->CSSLayouts_PLACEHOLDER_column_5<!-- column_5 Content Ends Here -->
											</div>
										</div>
										<div class='cssLO AllStoryIndex_column_4_layout'>
											<div class='column_4 cssLI AllStoryIndex_column_4_design'><!-- column_4 Content Starts Here -->CSSLayouts_PLACEHOLDER_column_4<!-- column_4 Content Ends Here -->
											</div>
										</div>
										<div class='cssLClearC'></div>
									</div>
								</div>
								<div class='cssLClearC'></div>
							</div>
						</div>
						<div class='cssLClearR'></div>
					</div>
				</div>
				<div class='cssLClearC'></div>
			</div>
		</div>
		<div class='cssLO AllStoryIndex_row_2_layout'>
			<div class='row_2 cssLI AllStoryIndex_row_2_design'><!-- row_2 Content Starts Here -->CSSLayouts_PLACEHOLDER_row_2<!-- row_2 Content Ends Here -->
			</div>
		</div>
		<div class='cssLClearR'></div>
	</div>
</div>